#
# SQL Export
# Created by Querious (201035)
# Created: 21 August 2018 at 17:23:04 BST
# Encoding: Unicode (UTF-8)
#


SET @PREVIOUS_FOREIGN_KEY_CHECKS = @@FOREIGN_KEY_CHECKS;
SET FOREIGN_KEY_CHECKS = 0;


DROP TABLE IF EXISTS `languages`;
DROP TABLE IF EXISTS `country_languages`;
DROP TABLE IF EXISTS `countries`;
DROP TABLE IF EXISTS `continents`;


CREATE TABLE `continents` (
  `id` int(11) NOT NULL AUTO_INCREMENT,
  `code` varchar(2) NOT NULL DEFAULT '',
  `name` varchar(15) NOT NULL DEFAULT '',
  PRIMARY KEY (`id`),
  UNIQUE KEY `code` (`code`)
) ENGINE=MyISAM AUTO_INCREMENT=8 DEFAULT CHARSET=utf8;


CREATE TABLE `countries` (
  `id` int(11) NOT NULL AUTO_INCREMENT,
  `code` varchar(2) NOT NULL DEFAULT '',
  `name` varchar(50) NOT NULL DEFAULT '',
  `native` varchar(50) NOT NULL DEFAULT '',
  `phone` varchar(15) NOT NULL DEFAULT '',
  `continent` varchar(2) NOT NULL DEFAULT '',
  `capital` varchar(50) NOT NULL DEFAULT '',
  `currency` varchar(30) NOT NULL DEFAULT '',
  `languages` varchar(30) NOT NULL DEFAULT '',
  `continent_id` int(11) NOT NULL,
  PRIMARY KEY (`id`),
  UNIQUE KEY `code` (`code`),
  KEY `continent` (`continent`)
) ENGINE=MyISAM AUTO_INCREMENT=251 DEFAULT CHARSET=utf8;


CREATE TABLE `country_languages` (
  `id` int(11) NOT NULL AUTO_INCREMENT,
  `country_id` int(11) NOT NULL,
  `language_id` int(11) NOT NULL,
  PRIMARY KEY (`id`),
  UNIQUE KEY `country_language` (`language_id`,`country_id`) USING BTREE
) ENGINE=InnoDB AUTO_INCREMENT=364 DEFAULT CHARSET=utf8;


CREATE TABLE `languages` (
  `id` int(11) NOT NULL AUTO_INCREMENT,
  `code` varchar(2) NOT NULL DEFAULT '',
  `name` varchar(50) NOT NULL DEFAULT '',
  `native` varchar(50) NOT NULL DEFAULT '',
  `rtl` tinyint(1) NOT NULL DEFAULT '0',
  PRIMARY KEY (`id`),
  UNIQUE KEY `code` (`code`)
) ENGINE=MyISAM AUTO_INCREMENT=115 DEFAULT CHARSET=utf8;




SET FOREIGN_KEY_CHECKS = @PREVIOUS_FOREIGN_KEY_CHECKS;


SET @PREVIOUS_FOREIGN_KEY_CHECKS = @@FOREIGN_KEY_CHECKS;
SET FOREIGN_KEY_CHECKS = 0;


LOCK TABLES `continents` WRITE;
ALTER TABLE `continents` DISABLE KEYS;
INSERT INTO `continents` (`id`, `code`, `name`) VALUES 
	(1,'AF','Africa'),
	(2,'AN','Antarctica'),
	(3,'AS','Asia'),
	(4,'EU','Europe'),
	(5,'NA','North America'),
	(6,'OC','Oceania'),
	(7,'SA','South America');
ALTER TABLE `continents` ENABLE KEYS;
UNLOCK TABLES;


LOCK TABLES `countries` WRITE;
ALTER TABLE `countries` DISABLE KEYS;
INSERT INTO `countries` (`id`, `code`, `name`, `native`, `phone`, `continent`, `capital`, `currency`, `languages`, `continent_id`) VALUES 
	(1,'AD','Andorra','Andorra','376','EU','Andorra la Vella','EUR','ca',4),
	(2,'AE','United Arab Emirates','دولة الإمارات العربية المتحدة','971','AS','Abu Dhabi','AED','ar',3),
	(3,'AF','Afghanistan','افغانستان','93','AS','Kabul','AFN','ps,uz,tk',3),
	(4,'AG','Antigua and Barbuda','Antigua and Barbuda','1268','NA','Saint John\'s','XCD','en',5),
	(5,'AI','Anguilla','Anguilla','1264','NA','The Valley','XCD','en',5),
	(6,'AL','Albania','Shqipëria','355','EU','Tirana','ALL','sq',4),
	(7,'AM','Armenia','Հայաստան','374','AS','Yerevan','AMD','hy,ru',3),
	(8,'AO','Angola','Angola','244','AF','Luanda','AOA','pt',1),
	(9,'AQ','Antarctica','Antarctica','672','AN','','','',2),
	(10,'AR','Argentina','Argentina','54','SA','Buenos Aires','ARS','es,gn',7),
	(11,'AS','American Samoa','American Samoa','1684','OC','Pago Pago','USD','en,sm',6),
	(12,'AT','Austria','Österreich','43','EU','Vienna','EUR','de',4),
	(13,'AU','Australia','Australia','61','OC','Canberra','AUD','en',6),
	(14,'AW','Aruba','Aruba','297','NA','Oranjestad','AWG','nl,pa',5),
	(15,'AX','Åland','Åland','358','EU','Mariehamn','EUR','sv',4),
	(16,'AZ','Azerbaijan','Azərbaycan','994','AS','Baku','AZN','az',3),
	(17,'BA','Bosnia and Herzegovina','Bosna i Hercegovina','387','EU','Sarajevo','BAM','bs,hr,sr',4),
	(18,'BB','Barbados','Barbados','1246','NA','Bridgetown','BBD','en',5),
	(19,'BD','Bangladesh','Bangladesh','880','AS','Dhaka','BDT','bn',3),
	(20,'BE','Belgium','België','32','EU','Brussels','EUR','nl,fr,de',4),
	(21,'BF','Burkina Faso','Burkina Faso','226','AF','Ouagadougou','XOF','fr,ff',1),
	(22,'BG','Bulgaria','България','359','EU','Sofia','BGN','bg',4),
	(23,'BH','Bahrain','‏البحرين','973','AS','Manama','BHD','ar',3),
	(24,'BI','Burundi','Burundi','257','AF','Bujumbura','BIF','fr,rn',1),
	(25,'BJ','Benin','Bénin','229','AF','Porto-Novo','XOF','fr',1),
	(26,'BL','Saint Barthélemy','Saint-Barthélemy','590','NA','Gustavia','EUR','fr',5),
	(27,'BM','Bermuda','Bermuda','1441','NA','Hamilton','BMD','en',5),
	(28,'BN','Brunei','Negara Brunei Darussalam','673','AS','Bandar Seri Begawan','BND','ms',3),
	(29,'BO','Bolivia','Bolivia','591','SA','Sucre','BOB,BOV','es,ay,qu',7),
	(30,'BQ','Bonaire','Bonaire','5997','NA','Kralendijk','USD','nl',5),
	(31,'BR','Brazil','Brasil','55','SA','Brasília','BRL','pt',7),
	(32,'BS','Bahamas','Bahamas','1242','NA','Nassau','BSD','en',5),
	(33,'BT','Bhutan','ʼbrug-yul','975','AS','Thimphu','BTN,INR','dz',3),
	(34,'BV','Bouvet Island','Bouvetøya','47','AN','','NOK','no,nb,nn',2),
	(35,'BW','Botswana','Botswana','267','AF','Gaborone','BWP','en,tn',1),
	(36,'BY','Belarus','Белару́сь','375','EU','Minsk','BYR','be,ru',4),
	(37,'BZ','Belize','Belize','501','NA','Belmopan','BZD','en,es',5),
	(38,'CA','Canada','Canada','1','NA','Ottawa','CAD','en,fr',5),
	(39,'CC','Cocos [Keeling] Islands','Cocos (Keeling) Islands','61','AS','West Island','AUD','en',3),
	(40,'CD','Democratic Republic of the Congo','République démocratique du Congo','243','AF','Kinshasa','CDF','fr,ln,kg,sw,lu',1),
	(41,'CF','Central African Republic','Ködörösêse tî Bêafrîka','236','AF','Bangui','XAF','fr,sg',1),
	(42,'CG','Republic of the Congo','République du Congo','242','AF','Brazzaville','XAF','fr,ln',1),
	(43,'CH','Switzerland','Schweiz','41','EU','Bern','CHE,CHF,CHW','de,fr,it',4),
	(44,'CI','Ivory Coast','Côte d\'Ivoire','225','AF','Yamoussoukro','XOF','fr',1),
	(45,'CK','Cook Islands','Cook Islands','682','OC','Avarua','NZD','en',6),
	(46,'CL','Chile','Chile','56','SA','Santiago','CLF,CLP','es',7),
	(47,'CM','Cameroon','Cameroon','237','AF','Yaoundé','XAF','en,fr',1),
	(48,'CN','China','中国','86','AS','Beijing','CNY','zh',3),
	(49,'CO','Colombia','Colombia','57','SA','Bogotá','COP','es',7),
	(50,'CR','Costa Rica','Costa Rica','506','NA','San José','CRC','es',5),
	(51,'CU','Cuba','Cuba','53','NA','Havana','CUC,CUP','es',5),
	(52,'CV','Cape Verde','Cabo Verde','238','AF','Praia','CVE','pt',1),
	(53,'CW','Curacao','Curaçao','5999','NA','Willemstad','ANG','nl,pa,en',5),
	(54,'CX','Christmas Island','Christmas Island','61','AS','Flying Fish Cove','AUD','en',3),
	(55,'CY','Cyprus','Κύπρος','357','EU','Nicosia','EUR','el,tr,hy',4),
	(56,'CZ','Czech Republic','Česká republika','420','EU','Prague','CZK','cs,sk',4),
	(57,'DE','Germany','Deutschland','49','EU','Berlin','EUR','de',4),
	(58,'DJ','Djibouti','Djibouti','253','AF','Djibouti','DJF','fr,ar',1),
	(59,'DK','Denmark','Danmark','45','EU','Copenhagen','DKK','da',4),
	(60,'DM','Dominica','Dominica','1767','NA','Roseau','XCD','en',5),
	(61,'DO','Dominican Republic','República Dominicana','1809,1829,1849','NA','Santo Domingo','DOP','es',5),
	(62,'DZ','Algeria','الجزائر','213','AF','Algiers','DZD','ar',1),
	(63,'EC','Ecuador','Ecuador','593','SA','Quito','USD','es',7),
	(64,'EE','Estonia','Eesti','372','EU','Tallinn','EUR','et',4),
	(65,'EG','Egypt','مصر‎','20','AF','Cairo','EGP','ar',1),
	(66,'EH','Western Sahara','الصحراء الغربية','212','AF','El Aaiún','MAD,DZD,MRO','es',1),
	(67,'ER','Eritrea','ኤርትራ','291','AF','Asmara','ERN','ti,ar,en',1),
	(68,'ES','Spain','España','34','EU','Madrid','EUR','es,eu,ca,gl,oc',4),
	(69,'ET','Ethiopia','ኢትዮጵያ','251','AF','Addis Ababa','ETB','am',1),
	(70,'FI','Finland','Suomi','358','EU','Helsinki','EUR','fi,sv',4),
	(71,'FJ','Fiji','Fiji','679','OC','Suva','FJD','en,fj,hi,ur',6),
	(72,'FK','Falkland Islands','Falkland Islands','500','SA','Stanley','FKP','en',7),
	(73,'FM','Micronesia','Micronesia','691','OC','Palikir','USD','en',6),
	(74,'FO','Faroe Islands','Føroyar','298','EU','Tórshavn','DKK','fo',4),
	(75,'FR','France','France','33','EU','Paris','EUR','fr',4),
	(76,'GA','Gabon','Gabon','241','AF','Libreville','XAF','fr',1),
	(77,'GB','United Kingdom','United Kingdom','44','EU','London','GBP','en',4),
	(78,'GD','Grenada','Grenada','1473','NA','St. George\'s','XCD','en',5),
	(79,'GE','Georgia','საქართველო','995','AS','Tbilisi','GEL','ka',3),
	(80,'GF','French Guiana','Guyane française','594','SA','Cayenne','EUR','fr',7),
	(81,'GG','Guernsey','Guernsey','44','EU','St. Peter Port','GBP','en,fr',4),
	(82,'GH','Ghana','Ghana','233','AF','Accra','GHS','en',1),
	(83,'GI','Gibraltar','Gibraltar','350','EU','Gibraltar','GIP','en',4),
	(84,'GL','Greenland','Kalaallit Nunaat','299','NA','Nuuk','DKK','kl',5),
	(85,'GM','Gambia','Gambia','220','AF','Banjul','GMD','en',1),
	(86,'GN','Guinea','Guinée','224','AF','Conakry','GNF','fr,ff',1),
	(87,'GP','Guadeloupe','Guadeloupe','590','NA','Basse-Terre','EUR','fr',5),
	(88,'GQ','Equatorial Guinea','Guinea Ecuatorial','240','AF','Malabo','XAF','es,fr',1),
	(89,'GR','Greece','Ελλάδα','30','EU','Athens','EUR','el',4),
	(90,'GS','South Georgia and the South Sandwich Islands','South Georgia','500','AN','King Edward Point','GBP','en',2),
	(91,'GT','Guatemala','Guatemala','502','NA','Guatemala City','GTQ','es',5),
	(92,'GU','Guam','Guam','1671','OC','Hagåtña','USD','en,ch,es',6),
	(93,'GW','Guinea-Bissau','Guiné-Bissau','245','AF','Bissau','XOF','pt',1),
	(94,'GY','Guyana','Guyana','592','SA','Georgetown','GYD','en',7),
	(95,'HK','Hong Kong','香港','852','AS','City of Victoria','HKD','zh,en',3),
	(96,'HM','Heard Island and McDonald Islands','Heard Island and McDonald Islands','61','AN','','AUD','en',2),
	(97,'HN','Honduras','Honduras','504','NA','Tegucigalpa','HNL','es',5),
	(98,'HR','Croatia','Hrvatska','385','EU','Zagreb','HRK','hr',4),
	(99,'HT','Haiti','Haïti','509','NA','Port-au-Prince','HTG,USD','fr,ht',5),
	(100,'HU','Hungary','Magyarország','36','EU','Budapest','HUF','hu',4),
	(101,'ID','Indonesia','Indonesia','62','AS','Jakarta','IDR','id',3),
	(102,'IE','Ireland','Éire','353','EU','Dublin','EUR','ga,en',4),
	(103,'IL','Israel','יִשְׂרָאֵל','972','AS','Jerusalem','ILS','he,ar',3),
	(104,'IM','Isle of Man','Isle of Man','44','EU','Douglas','GBP','en,gv',4),
	(105,'IN','India','भारत','91','AS','New Delhi','INR','hi,en',3),
	(106,'IO','British Indian Ocean Territory','British Indian Ocean Territory','246','AS','Diego Garcia','USD','en',3),
	(107,'IQ','Iraq','العراق','964','AS','Baghdad','IQD','ar,ku',3),
	(108,'IR','Iran','ایران','98','AS','Tehran','IRR','fa',3),
	(109,'IS','Iceland','Ísland','354','EU','Reykjavik','ISK','is',4),
	(110,'IT','Italy','Italia','39','EU','Rome','EUR','it',4),
	(111,'JE','Jersey','Jersey','44','EU','Saint Helier','GBP','en,fr',4),
	(112,'JM','Jamaica','Jamaica','1876','NA','Kingston','JMD','en',5),
	(113,'JO','Jordan','الأردن','962','AS','Amman','JOD','ar',3),
	(114,'JP','Japan','日本','81','AS','Tokyo','JPY','ja',3),
	(115,'KE','Kenya','Kenya','254','AF','Nairobi','KES','en,sw',1),
	(116,'KG','Kyrgyzstan','Кыргызстан','996','AS','Bishkek','KGS','ky,ru',3),
	(117,'KH','Cambodia','Kâmpŭchéa','855','AS','Phnom Penh','KHR','km',3),
	(118,'KI','Kiribati','Kiribati','686','OC','South Tarawa','AUD','en',6),
	(119,'KM','Comoros','Komori','269','AF','Moroni','KMF','ar,fr',1),
	(120,'KN','Saint Kitts and Nevis','Saint Kitts and Nevis','1869','NA','Basseterre','XCD','en',5),
	(121,'KP','North Korea','북한','850','AS','Pyongyang','KPW','ko',3),
	(122,'KR','South Korea','대한민국','82','AS','Seoul','KRW','ko',3),
	(123,'KW','Kuwait','الكويت','965','AS','Kuwait City','KWD','ar',3),
	(124,'KY','Cayman Islands','Cayman Islands','1345','NA','George Town','KYD','en',5),
	(125,'KZ','Kazakhstan','Қазақстан','76,77','AS','Astana','KZT','kk,ru',3),
	(126,'LA','Laos','ສປປລາວ','856','AS','Vientiane','LAK','lo',3),
	(127,'LB','Lebanon','لبنان','961','AS','Beirut','LBP','ar,fr',3),
	(128,'LC','Saint Lucia','Saint Lucia','1758','NA','Castries','XCD','en',5),
	(129,'LI','Liechtenstein','Liechtenstein','423','EU','Vaduz','CHF','de',4),
	(130,'LK','Sri Lanka','śrī laṃkāva','94','AS','Colombo','LKR','si,ta',3),
	(131,'LR','Liberia','Liberia','231','AF','Monrovia','LRD','en',1),
	(132,'LS','Lesotho','Lesotho','266','AF','Maseru','LSL,ZAR','en,st',1),
	(133,'LT','Lithuania','Lietuva','370','EU','Vilnius','LTL','lt',4),
	(134,'LU','Luxembourg','Luxembourg','352','EU','Luxembourg','EUR','fr,de,lb',4),
	(135,'LV','Latvia','Latvija','371','EU','Riga','EUR','lv',4),
	(136,'LY','Libya','‏ليبيا','218','AF','Tripoli','LYD','ar',1),
	(137,'MA','Morocco','المغرب','212','AF','Rabat','MAD','ar',1),
	(138,'MC','Monaco','Monaco','377','EU','Monaco','EUR','fr',4),
	(139,'MD','Moldova','Moldova','373','EU','Chișinău','MDL','ro',4),
	(140,'ME','Montenegro','Црна Гора','382','EU','Podgorica','EUR','sr,bs,sq,hr',4),
	(141,'MF','Saint Martin','Saint-Martin','590','NA','Marigot','EUR','en,fr,nl',5),
	(142,'MG','Madagascar','Madagasikara','261','AF','Antananarivo','MGA','fr,mg',1),
	(143,'MH','Marshall Islands','M̧ajeļ','692','OC','Majuro','USD','en,mh',6),
	(144,'MK','Macedonia','Македонија','389','EU','Skopje','MKD','mk',4),
	(145,'ML','Mali','Mali','223','AF','Bamako','XOF','fr',1),
	(146,'MM','Myanmar [Burma]','Myanma','95','AS','Naypyidaw','MMK','my',3),
	(147,'MN','Mongolia','Монгол улс','976','AS','Ulan Bator','MNT','mn',3),
	(148,'MO','Macao','澳門','853','AS','','MOP','zh,pt',3),
	(149,'MP','Northern Mariana Islands','Northern Mariana Islands','1670','OC','Saipan','USD','en,ch',6),
	(150,'MQ','Martinique','Martinique','596','NA','Fort-de-France','EUR','fr',5),
	(151,'MR','Mauritania','موريتانيا','222','AF','Nouakchott','MRO','ar',1),
	(152,'MS','Montserrat','Montserrat','1664','NA','Plymouth','XCD','en',5),
	(153,'MT','Malta','Malta','356','EU','Valletta','EUR','mt,en',4),
	(154,'MU','Mauritius','Maurice','230','AF','Port Louis','MUR','en',1),
	(155,'MV','Maldives','Maldives','960','AS','Malé','MVR','dv',3),
	(156,'MW','Malawi','Malawi','265','AF','Lilongwe','MWK','en,ny',1),
	(157,'MX','Mexico','México','52','NA','Mexico City','MXN','es',5),
	(158,'MY','Malaysia','Malaysia','60','AS','Kuala Lumpur','MYR','ms',3),
	(159,'MZ','Mozambique','Moçambique','258','AF','Maputo','MZN','pt',1),
	(160,'NA','Namibia','Namibia','264','AF','Windhoek','NAD,ZAR','en,af',1),
	(161,'NC','New Caledonia','Nouvelle-Calédonie','687','OC','Nouméa','XPF','fr',6),
	(162,'NE','Niger','Niger','227','AF','Niamey','XOF','fr',1),
	(163,'NF','Norfolk Island','Norfolk Island','672','OC','Kingston','AUD','en',6),
	(164,'NG','Nigeria','Nigeria','234','AF','Abuja','NGN','en',1),
	(165,'NI','Nicaragua','Nicaragua','505','NA','Managua','NIO','es',5),
	(166,'NL','Netherlands','Nederland','31','EU','Amsterdam','EUR','nl',4),
	(167,'NO','Norway','Norge','47','EU','Oslo','NOK','no,nb,nn',4),
	(168,'NP','Nepal','नपल','977','AS','Kathmandu','NPR','ne',3),
	(169,'NR','Nauru','Nauru','674','OC','Yaren','AUD','en,na',6),
	(170,'NU','Niue','Niuē','683','OC','Alofi','NZD','en',6),
	(171,'NZ','New Zealand','New Zealand','64','OC','Wellington','NZD','en,mi',6),
	(172,'OM','Oman','عمان','968','AS','Muscat','OMR','ar',3),
	(173,'PA','Panama','Panamá','507','NA','Panama City','PAB,USD','es',5),
	(174,'PE','Peru','Perú','51','SA','Lima','PEN','es',7),
	(175,'PF','French Polynesia','Polynésie française','689','OC','Papeetē','XPF','fr',6),
	(176,'PG','Papua New Guinea','Papua Niugini','675','OC','Port Moresby','PGK','en',6),
	(177,'PH','Philippines','Pilipinas','63','AS','Manila','PHP','en',3),
	(178,'PK','Pakistan','Pakistan','92','AS','Islamabad','PKR','en,ur',3),
	(179,'PL','Poland','Polska','48','EU','Warsaw','PLN','pl',4),
	(180,'PM','Saint Pierre and Miquelon','Saint-Pierre-et-Miquelon','508','NA','Saint-Pierre','EUR','fr',5),
	(181,'PN','Pitcairn Islands','Pitcairn Islands','64','OC','Adamstown','NZD','en',6),
	(182,'PR','Puerto Rico','Puerto Rico','1787,1939','NA','San Juan','USD','es,en',5),
	(183,'PS','Palestine','فلسطين','970','AS','Ramallah','ILS','ar',3),
	(184,'PT','Portugal','Portugal','351','EU','Lisbon','EUR','pt',4),
	(185,'PW','Palau','Palau','680','OC','Ngerulmud','USD','en',6),
	(186,'PY','Paraguay','Paraguay','595','SA','Asunción','PYG','es,gn',7),
	(187,'QA','Qatar','قطر','974','AS','Doha','QAR','ar',3),
	(188,'RE','Réunion','La Réunion','262','AF','Saint-Denis','EUR','fr',1),
	(189,'RO','Romania','România','40','EU','Bucharest','RON','ro',4),
	(190,'RS','Serbia','Србија','381','EU','Belgrade','RSD','sr',4),
	(191,'RU','Russia','Россия','7','EU','Moscow','RUB','ru',4),
	(192,'RW','Rwanda','Rwanda','250','AF','Kigali','RWF','rw,en,fr',1),
	(193,'SA','Saudi Arabia','العربية السعودية','966','AS','Riyadh','SAR','ar',3),
	(194,'SB','Solomon Islands','Solomon Islands','677','OC','Honiara','SBD','en',6),
	(195,'SC','Seychelles','Seychelles','248','AF','Victoria','SCR','fr,en',1),
	(196,'SD','Sudan','السودان','249','AF','Khartoum','SDG','ar,en',1),
	(197,'SE','Sweden','Sverige','46','EU','Stockholm','SEK','sv',4),
	(198,'SG','Singapore','Singapore','65','AS','Singapore','SGD','en,ms,ta,zh',3),
	(199,'SH','Saint Helena','Saint Helena','290','AF','Jamestown','SHP','en',1),
	(200,'SI','Slovenia','Slovenija','386','EU','Ljubljana','EUR','sl',4),
	(201,'SJ','Svalbard and Jan Mayen','Svalbard og Jan Mayen','4779','EU','Longyearbyen','NOK','no',4),
	(202,'SK','Slovakia','Slovensko','421','EU','Bratislava','EUR','sk',4),
	(203,'SL','Sierra Leone','Sierra Leone','232','AF','Freetown','SLL','en',1),
	(204,'SM','San Marino','San Marino','378','EU','City of San Marino','EUR','it',4),
	(205,'SN','Senegal','Sénégal','221','AF','Dakar','XOF','fr',1),
	(206,'SO','Somalia','Soomaaliya','252','AF','Mogadishu','SOS','so,ar',1),
	(207,'SR','Suriname','Suriname','597','SA','Paramaribo','SRD','nl',7),
	(208,'SS','South Sudan','South Sudan','211','AF','Juba','SSP','en',1),
	(209,'ST','São Tomé and Príncipe','São Tomé e Príncipe','239','AF','São Tomé','STD','pt',1),
	(210,'SV','El Salvador','El Salvador','503','NA','San Salvador','SVC,USD','es',5),
	(211,'SX','Sint Maarten','Sint Maarten','1721','NA','Philipsburg','ANG','nl,en',5),
	(212,'SY','Syria','سوريا','963','AS','Damascus','SYP','ar',3),
	(213,'SZ','Swaziland','Swaziland','268','AF','Lobamba','SZL','en,ss',1),
	(214,'TC','Turks and Caicos Islands','Turks and Caicos Islands','1649','NA','Cockburn Town','USD','en',5),
	(215,'TD','Chad','Tchad','235','AF','N\'Djamena','XAF','fr,ar',1),
	(216,'TF','French Southern Territories','Territoire des Terres australes et antarctiques fr','262','AN','Port-aux-Français','EUR','fr',2),
	(217,'TG','Togo','Togo','228','AF','Lomé','XOF','fr',1),
	(218,'TH','Thailand','ประเทศไทย','66','AS','Bangkok','THB','th',3),
	(219,'TJ','Tajikistan','Тоҷикистон','992','AS','Dushanbe','TJS','tg,ru',3),
	(220,'TK','Tokelau','Tokelau','690','OC','Fakaofo','NZD','en',6),
	(221,'TL','East Timor','Timor-Leste','670','OC','Dili','USD','pt',6),
	(222,'TM','Turkmenistan','Türkmenistan','993','AS','Ashgabat','TMT','tk,ru',3),
	(223,'TN','Tunisia','تونس','216','AF','Tunis','TND','ar',1),
	(224,'TO','Tonga','Tonga','676','OC','Nuku\'alofa','TOP','en,to',6),
	(225,'TR','Turkey','Türkiye','90','AS','Ankara','TRY','tr',3),
	(226,'TT','Trinidad and Tobago','Trinidad and Tobago','1868','NA','Port of Spain','TTD','en',5),
	(227,'TV','Tuvalu','Tuvalu','688','OC','Funafuti','AUD','en',6),
	(228,'TW','Taiwan','臺灣','886','AS','Taipei','TWD','zh',3),
	(229,'TZ','Tanzania','Tanzania','255','AF','Dodoma','TZS','sw,en',1),
	(230,'UA','Ukraine','Україна','380','EU','Kyiv','UAH','uk',4),
	(231,'UG','Uganda','Uganda','256','AF','Kampala','UGX','en,sw',1),
	(232,'UM','U.S. Minor Outlying Islands','United States Minor Outlying Islands','1','OC','','USD','en',6),
	(233,'US','United States','United States','1','NA','Washington D.C.','USD,USN,USS','en',5),
	(234,'UY','Uruguay','Uruguay','598','SA','Montevideo','UYI,UYU','es',7),
	(235,'UZ','Uzbekistan','O‘zbekiston','998','AS','Tashkent','UZS','uz,ru',3),
	(236,'VA','Vatican City','Vaticano','39066,379','EU','Vatican City','EUR','it,la',4),
	(237,'VC','Saint Vincent and the Grenadines','Saint Vincent and the Grenadines','1784','NA','Kingstown','XCD','en',5),
	(238,'VE','Venezuela','Venezuela','58','SA','Caracas','VEF','es',7),
	(239,'VG','British Virgin Islands','British Virgin Islands','1284','NA','Road Town','USD','en',5),
	(240,'VI','U.S. Virgin Islands','United States Virgin Islands','1340','NA','Charlotte Amalie','USD','en',5),
	(241,'VN','Vietnam','Việt Nam','84','AS','Hanoi','VND','vi',3),
	(242,'VU','Vanuatu','Vanuatu','678','OC','Port Vila','VUV','bi,en,fr',6),
	(243,'WF','Wallis and Futuna','Wallis et Futuna','681','OC','Mata-Utu','XPF','fr',6),
	(244,'WS','Samoa','Samoa','685','OC','Apia','WST','sm,en',6),
	(245,'XK','Kosovo','Republika e Kosovës','377,381,383,386','EU','Pristina','EUR','sq,sr',4),
	(246,'YE','Yemen','اليَمَن','967','AS','Sana\'a','YER','ar',3),
	(247,'YT','Mayotte','Mayotte','262','AF','Mamoudzou','EUR','fr',1),
	(248,'ZA','South Africa','South Africa','27','AF','Pretoria','ZAR','af,en,nr,st,ss,tn,ts,ve,xh,zu',1),
	(249,'ZM','Zambia','Zambia','260','AF','Lusaka','ZMK','en',1),
	(250,'ZW','Zimbabwe','Zimbabwe','263','AF','Harare','ZWL','en,sn,nd',1);
ALTER TABLE `countries` ENABLE KEYS;
UNLOCK TABLES;


LOCK TABLES `country_languages` WRITE;
ALTER TABLE `country_languages` DISABLE KEYS;
INSERT INTO `country_languages` (`id`, `country_id`, `language_id`) VALUES 
	(237,160,1),
	(355,248,1),
	(109,69,2),
	(2,2,3),
	(33,23,3),
	(91,58,3),
	(96,62,3),
	(99,65,3),
	(101,67,3),
	(155,103,3),
	(162,107,3),
	(170,113,3),
	(178,119,3),
	(183,123,3),
	(188,127,3),
	(202,136,3),
	(203,137,3),
	(226,151,3),
	(254,172,3),
	(267,183,3),
	(272,187,3),
	(280,193,3),
	(284,196,3),
	(298,206,3),
	(306,212,3),
	(310,215,3),
	(321,223,3),
	(353,246,3),
	(40,29,4),
	(21,16,5),
	(52,36,6),
	(32,22,7),
	(345,242,8),
	(26,19,9),
	(22,17,10),
	(206,140,10),
	(1,1,11),
	(104,68,11),
	(139,92,12),
	(223,149,12),
	(88,56,13),
	(93,59,14),
	(16,12,15),
	(27,20,15),
	(68,43,15),
	(90,57,15),
	(191,129,15),
	(198,134,15),
	(231,155,16),
	(46,33,17),
	(85,55,18),
	(136,89,18),
	(6,4,19),
	(7,5,19),
	(14,11,19),
	(17,13,19),
	(25,18,19),
	(38,27,19),
	(45,32,19),
	(50,35,19),
	(54,37,19),
	(56,38,19),
	(58,39,19),
	(72,45,19),
	(74,47,19),
	(81,53,19),
	(84,54,19),
	(94,60,19),
	(102,67,19),
	(112,71,19),
	(116,72,19),
	(117,73,19),
	(121,77,19),
	(122,78,19),
	(125,81,19),
	(127,82,19),
	(128,83,19),
	(130,85,19),
	(137,90,19),
	(140,92,19),
	(143,94,19),
	(144,95,19),
	(146,96,19),
	(153,102,19),
	(157,104,19),
	(159,105,19),
	(161,106,19),
	(167,111,19),
	(169,112,19),
	(172,115,19),
	(177,118,19),
	(180,120,19),
	(184,124,19),
	(190,128,19),
	(194,131,19),
	(195,132,19),
	(210,141,19),
	(215,143,19),
	(224,149,19),
	(227,152,19),
	(228,153,19),
	(230,154,19),
	(232,156,19),
	(238,160,19),
	(241,163,19),
	(242,164,19),
	(249,169,19),
	(251,170,19),
	(252,171,19),
	(258,176,19),
	(259,177,19),
	(260,178,19),
	(264,181,19),
	(265,182,19),
	(269,185,19),
	(277,192,19),
	(281,194,19),
	(282,195,19),
	(285,196,19),
	(287,198,19),
	(291,199,19),
	(295,203,19),
	(301,208,19),
	(304,211,19),
	(307,213,19),
	(309,214,19),
	(317,220,19),
	(322,224,19),
	(325,226,19),
	(326,227,19),
	(328,229,19),
	(331,231,19),
	(333,232,19),
	(334,233,19),
	(340,237,19),
	(342,239,19),
	(343,240,19),
	(346,242,19),
	(349,244,19),
	(356,248,19),
	(360,249,19),
	(361,250,19),
	(12,10,20),
	(41,29,20),
	(55,37,20),
	(73,46,20),
	(77,49,20),
	(78,50,20),
	(79,51,20),
	(95,61,20),
	(97,63,20),
	(100,66,20),
	(105,68,20),
	(134,88,20),
	(138,91,20),
	(141,92,20),
	(147,97,20),
	(234,157,20),
	(243,165,20),
	(255,173,20),
	(256,174,20),
	(266,182,20),
	(270,186,20),
	(303,210,20),
	(335,234,20),
	(341,238,20),
	(98,64,21),
	(106,68,22),
	(164,108,23),
	(30,21,24),
	(131,86,24),
	(110,70,25),
	(113,71,26),
	(118,74,27),
	(28,20,28),
	(31,21,28),
	(34,24,28),
	(36,25,28),
	(37,26,28),
	(57,38,28),
	(59,40,28),
	(64,41,28),
	(66,42,28),
	(69,43,28),
	(71,44,28),
	(75,47,28),
	(92,58,28),
	(119,75,28),
	(120,76,28),
	(124,80,28),
	(126,81,28),
	(132,86,28),
	(133,87,28),
	(135,88,28),
	(149,99,28),
	(168,111,28),
	(179,119,28),
	(189,127,28),
	(199,134,28),
	(204,138,28),
	(211,141,28),
	(213,142,28),
	(218,145,28),
	(225,150,28),
	(239,161,28),
	(240,162,28),
	(257,175,28),
	(263,180,28),
	(273,188,28),
	(278,192,28),
	(283,195,28),
	(297,205,28),
	(311,215,28),
	(312,216,28),
	(313,217,28),
	(347,242,28),
	(348,243,28),
	(354,247,28),
	(154,102,29),
	(107,68,30),
	(13,10,31),
	(271,186,31),
	(158,104,32),
	(156,103,33),
	(114,71,34),
	(160,105,34),
	(23,17,35),
	(148,98,35),
	(207,140,35),
	(150,99,36),
	(151,100,37),
	(9,7,38),
	(86,55,38),
	(152,101,39),
	(165,109,40),
	(70,43,41),
	(166,110,41),
	(296,204,41),
	(338,236,41),
	(171,114,42),
	(123,79,43),
	(60,40,44),
	(185,125,45),
	(129,84,46),
	(176,117,47),
	(181,121,48),
	(182,122,48),
	(163,107,49),
	(174,116,50),
	(339,236,51),
	(200,134,52),
	(61,40,53),
	(67,42,53),
	(187,126,54),
	(197,133,55),
	(62,40,56),
	(201,135,57),
	(214,142,58),
	(216,143,59),
	(253,171,60),
	(217,144,61),
	(220,147,62),
	(39,28,63),
	(235,158,63),
	(288,198,63),
	(229,153,64),
	(219,146,65),
	(250,169,66),
	(47,34,67),
	(245,167,67),
	(362,250,68),
	(248,168,69),
	(18,14,70),
	(29,20,70),
	(43,30,70),
	(82,53,70),
	(212,141,70),
	(244,166,70),
	(300,207,70),
	(305,211,70),
	(48,34,71),
	(246,167,71),
	(49,34,72),
	(247,167,72),
	(293,201,72),
	(357,248,73),
	(233,156,74),
	(108,68,75),
	(19,14,76),
	(83,53,76),
	(262,179,77),
	(3,3,78),
	(11,8,79),
	(44,31,79),
	(80,52,79),
	(142,93,79),
	(221,148,79),
	(236,159,79),
	(268,184,79),
	(302,209,79),
	(318,221,79),
	(42,29,80),
	(35,24,81),
	(205,139,82),
	(274,189,82),
	(10,7,83),
	(53,36,83),
	(175,116,83),
	(186,125,83),
	(276,191,83),
	(315,219,83),
	(319,222,83),
	(336,235,83),
	(279,192,84),
	(65,41,85),
	(192,130,86),
	(89,56,87),
	(294,202,87),
	(292,200,88),
	(15,11,89),
	(350,244,89),
	(363,250,90),
	(299,206,91),
	(8,6,92),
	(208,140,92),
	(351,245,92),
	(24,17,93),
	(209,140,93),
	(275,190,93),
	(352,245,93),
	(308,213,94),
	(358,248,94),
	(196,132,95),
	(359,248,95),
	(20,15,96),
	(111,70,96),
	(286,197,96),
	(63,40,97),
	(173,115,97),
	(329,229,97),
	(332,231,97),
	(193,130,98),
	(289,198,98),
	(316,219,99),
	(314,218,100),
	(103,67,101),
	(4,3,102),
	(320,222,102),
	(51,35,103),
	(323,224,104),
	(87,55,105),
	(324,225,105),
	(330,230,107),
	(115,71,108),
	(261,178,108),
	(5,3,109),
	(337,235,109),
	(344,241,111),
	(76,48,113),
	(145,95,113),
	(222,148,113),
	(290,198,113),
	(327,228,113);
ALTER TABLE `country_languages` ENABLE KEYS;
UNLOCK TABLES;


LOCK TABLES `languages` WRITE;
ALTER TABLE `languages` DISABLE KEYS;
INSERT INTO `languages` (`id`, `code`, `name`, `native`, `rtl`) VALUES 
	(1,'af','Afrikaans','Afrikaans',0),
	(2,'am','Amharic','አማርኛ',0),
	(3,'ar','Arabic','العربية',1),
	(4,'ay','Aymara','Aymar',0),
	(5,'az','Azerbaijani','Azərbaycanca / آذربايجان',0),
	(6,'be','Belarusian','Беларуская',0),
	(7,'bg','Bulgarian','Български',0),
	(8,'bi','Bislama','Bislama',0),
	(9,'bn','Bengali','বাংলা',0),
	(10,'bs','Bosnian','Bosanski',0),
	(11,'ca','Catalan','Català',0),
	(12,'ch','Chamorro','Chamoru',0),
	(13,'cs','Czech','Česky',0),
	(14,'da','Danish','Dansk',0),
	(15,'de','German','Deutsch',0),
	(16,'dv','Divehi','ދިވެހިބަސް',1),
	(17,'dz','Dzongkha','ཇོང་ཁ',0),
	(18,'el','Greek','Ελληνικά',0),
	(19,'en','English','English',0),
	(20,'es','Spanish','Español',0),
	(21,'et','Estonian','Eesti',0),
	(22,'eu','Basque','Euskara',0),
	(23,'fa','Persian','فارسی',1),
	(24,'ff','Peul','Fulfulde',0),
	(25,'fi','Finnish','Suomi',0),
	(26,'fj','Fijian','Na Vosa Vakaviti',0),
	(27,'fo','Faroese','Føroyskt',0),
	(28,'fr','French','Français',0),
	(29,'ga','Irish','Gaeilge',0),
	(30,'gl','Galician','Galego',0),
	(31,'gn','Guarani','Avañe\'ẽ',0),
	(32,'gv','Manx','Gaelg',0),
	(33,'he','Hebrew','עברית',1),
	(34,'hi','Hindi','हिन्दी',0),
	(35,'hr','Croatian','Hrvatski',0),
	(36,'ht','Haitian','Krèyol ayisyen',0),
	(37,'hu','Hungarian','Magyar',0),
	(38,'hy','Armenian','Հայերեն',0),
	(39,'id','Indonesian','Bahasa Indonesia',0),
	(40,'is','Icelandic','Íslenska',0),
	(41,'it','Italian','Italiano',0),
	(42,'ja','Japanese','日本語',0),
	(43,'ka','Georgian','ქართული',0),
	(44,'kg','Kongo','KiKongo',0),
	(45,'kk','Kazakh','Қазақша',0),
	(46,'kl','Greenlandic','Kalaallisut',0),
	(47,'km','Cambodian','ភាសាខ្មែរ',0),
	(48,'ko','Korean','한국어',0),
	(49,'ku','Kurdish','Kurdî / كوردی',1),
	(50,'ky','Kirghiz','Kırgızca / Кыргызча',0),
	(51,'la','Latin','Latina',0),
	(52,'lb','Luxembourgish','Lëtzebuergesch',0),
	(53,'ln','Lingala','Lingála',0),
	(54,'lo','Laotian','ລາວ / Pha xa lao',0),
	(55,'lt','Lithuanian','Lietuvių',0),
	(56,'lu','','',0),
	(57,'lv','Latvian','Latviešu',0),
	(58,'mg','Malagasy','Malagasy',0),
	(59,'mh','Marshallese','Kajin Majel / Ebon',0),
	(60,'mi','Maori','Māori',0),
	(61,'mk','Macedonian','Македонски',0),
	(62,'mn','Mongolian','Монгол',0),
	(63,'ms','Malay','Bahasa Melayu',0),
	(64,'mt','Maltese','bil-Malti',0),
	(65,'my','Burmese','Myanmasa',0),
	(66,'na','Nauruan','Dorerin Naoero',0),
	(67,'nb','','',0),
	(68,'nd','North Ndebele','Sindebele',0),
	(69,'ne','Nepali','नेपाली',0),
	(70,'nl','Dutch','Nederlands',0),
	(71,'nn','Norwegian Nynorsk','Norsk (nynorsk)',0),
	(72,'no','Norwegian','Norsk (bokmål / riksmål)',0),
	(73,'nr','South Ndebele','isiNdebele',0),
	(74,'ny','Chichewa','Chi-Chewa',0),
	(75,'oc','Occitan','Occitan',0),
	(76,'pa','Panjabi / Punjabi','ਪੰਜਾਬੀ / पंजाबी / پنجابي',0),
	(77,'pl','Polish','Polski',0),
	(78,'ps','Pashto','پښتو',1),
	(79,'pt','Portuguese','Português',0),
	(80,'qu','Quechua','Runa Simi',0),
	(81,'rn','Kirundi','Kirundi',0),
	(82,'ro','Romanian','Română',0),
	(83,'ru','Russian','Русский',0),
	(84,'rw','Rwandi','Kinyarwandi',0),
	(85,'sg','Sango','Sängö',0),
	(86,'si','Sinhalese','සිංහල',0),
	(87,'sk','Slovak','Slovenčina',0),
	(88,'sl','Slovenian','Slovenščina',0),
	(89,'sm','Samoan','Gagana Samoa',0),
	(90,'sn','Shona','chiShona',0),
	(91,'so','Somalia','Soomaaliga',0),
	(92,'sq','Albanian','Shqip',0),
	(93,'sr','Serbian','Српски',0),
	(94,'ss','Swati','SiSwati',0),
	(95,'st','Southern Sotho','Sesotho',0),
	(96,'sv','Swedish','Svenska',0),
	(97,'sw','Swahili','Kiswahili',0),
	(98,'ta','Tamil','தமிழ்',0),
	(99,'tg','Tajik','Тоҷикӣ',0),
	(100,'th','Thai','ไทย / Phasa Thai',0),
	(101,'ti','Tigrinya','ትግርኛ',0),
	(102,'tk','Turkmen','Туркмен / تركمن',0),
	(103,'tn','Tswana','Setswana',0),
	(104,'to','Tonga','Lea Faka-Tonga',0),
	(105,'tr','Turkish','Türkçe',0),
	(106,'ts','Tsonga','Xitsonga',0),
	(107,'uk','Ukrainian','Українська',0),
	(108,'ur','Urdu','اردو',1),
	(109,'uz','Uzbek','Ўзбек',0),
	(110,'ve','Venda','Tshivenḓa',0),
	(111,'vi','Vietnamese','Tiếng Việt',0),
	(112,'xh','Xhosa','isiXhosa',0),
	(113,'zh','Chinese','中文',0),
	(114,'zu','Zulu','isiZulu',0);
ALTER TABLE `languages` ENABLE KEYS;
UNLOCK TABLES;




SET FOREIGN_KEY_CHECKS = @PREVIOUS_FOREIGN_KEY_CHECKS;
